Sidnee Guidelli,111819,970191238,sguidelli0@smh.com.au,85-6224931Karen Trahmel,947520,970191231,ktrahmel1@imageshack.us,20-3971911Aldwin Bastide,299173,970191232,abastide2@bigcartel.com,00-6832250Rollie Fiddymont,820068,970191233,rfiddymont3@wordpress.com,35-0841127Alethea Meltetal,266583,970191234,ameltetal4@goodreads.com,64-4393267Roberto Kolczynski,997402,970191235,rkolczynski5@jugem.jp,89-7870120Ashlin Brisley,520017,970191236,abrisley6@yahoo.com,74-4867766Robinette Bowe,831881,970191237,rbowe7@tripod.com,13-1675585Cordie Zimek,689892,970191239,czimek8@accuweather.com,37-0873010Hyman Thorald,668249,970191240,hthorald9@addtoany.com,48-7717828Olimpia Bruckental,568041,970191241,obruckentala@omniture.com,91-5481644Far Redborn,822897,970191242,fredbornb@marriott.com,54-9088776Anabel Hamberston,253157,970191243,ahamberstonc@google.co.uk,82-9094868Dasi McGeoch,924940,970191244,dmcgeochd@youku.com,67-4928972Suellen Haslehurst,364725,970191245,shaslehurste@google.com,46-6118359Purcell Rickson,699282,970191246,pricksonf@blinklist.com,07-2052169Courtenay Jelfs,891535,970191247,cjelfsg@gov.uk,19-2319018Joyann Fawthorpe,134652,970191248,jfawthorpeh@nba.com,16-9618701Tiertza Addenbrooke,743523,970191249,taddenbrookei@phoca.cz,05-6921947Flss Grinsdale,255365,970191250,fgrinsdalej@apache.org,84-4799585Che Earle,541317,970190203,cearlek@hubpages.com,52-2802495Isak Adamec,435055,970196507,iadamecl@canalblog.com,00-6769186Ardisj Dayment,647064,970194313,adaymentm@google.ca,22-9949745Maximilian Ditch,311614,970193301,mditchn@networkadvertising.org,00-8421714Anatole Cornels,729297,970197977,acornelso@meetup.com,31-1150142Gaspard Storck,111819,970196159,gstorckp@zimbio.com,36-9080875Padraic Rhydderch,947520,970196781,prhydderchq@unicef.org,66-3725223Ulrich Antowski,299173,970196884,uantowskir@time.com,03-1176622Solomon De Ruggiero,820068,970192057,sdes@jigsy.com,51-1365546Alleyn MacAlees,266583,970192888,amacaleest@sciencedaily.com,27-4371687Aurora Scardifield,997402,970196648,ascardifieldu@washingtonpost.com,88-6046769Jeanie Savaage,520017,970195920,jsavaagev@comcast.net,50-6771274Cecilia Epgrave,831881,970199374,cepgravew@un.org,79-8442984Pauly Moine,689892,970191729,pmoinex@soundcloud.com,14-6288624Timofei Bumby,668249,970192979,tbumbyy@last.fm,83-7057232Violetta O'Doherty,568041,970196972,vodohertyz@wsj.com,25-7362226Brucie Decent,822897,970194914,bdecent10@unesco.org,26-8225664Twyla Cosgry,253157,970191892,tcosgry11@1und1.de,97-4336680Shanon Heggison,924940,970195596,sheggison12@godaddy.com,18-4579804Bertie Joannidi,364725,970195576,bjoannidi13@kickstarter.com,61-2555750Berton West,699282,970191486,bwest14@wikia.com,34-3774567Lorelle Gorringe,891535,970194620,lgorringe15@dailymail.co.uk,95-3373390Datha Fleming,134652,970199104,dfleming16@uiuc.edu,70-5255704Lauraine Clarey,743523,970198526,lclarey17@japanpost.jp,54-3397746Weston MacDonogh,255365,970190644,wmacdonogh18@reverbnation.com,62-5888037Audrie Collar,541317,970195400,acollar19@storify.com,59-3091417Shaine Walshe,435055,970199793,swalshe1a@smh.com.au,27-9818520Iormina Simonutti,647064,970199555,isimonutti1b@istockphoto.com,04-6567116Haslett Babonau,311614,970199316,hbabonau1c@abc.net.au,32-7892824Andee Woolveridge,729297,970191680,awoolveridge1d@hostgator.com,71-5436005Sidnee Guidelli,111819,970195370,sguidelli0@smh.com.au,85-6224931Karen Trahmel,947520,970195044,ktrahmel1@imageshack.us,20-3971911Aldwin Bastide,299173,970196169,abastide2@bigcartel.com,00-6832250Rollie Fiddymont,820068,970190258,rfiddymont3@wordpress.com,35-0841127Alethea Meltetal,266583,970195552,ameltetal4@goodreads.com,64-4393267Roberto Kolczynski,997402,970195719,rkolczynski5@jugem.jp,89-7870120Ashlin Brisley,520017,970199264,abrisley6@yahoo.com,74-4867766Robinette Bowe,831881,970197899,rbowe7@tripod.com,13-1675585Cordie Zimek,689892,970193490,czimek8@accuweather.com,37-0873010Hyman Thorald,668249,970196840,hthorald9@addtoany.com,48-7717828Olimpia Bruckental,568041,970316631,obruckentala@omniture.com,91-5481644Far Redborn,822897,970692054,fredbornb@marriott.com,54-9088776Anabel Hamberston,253157,970979658,ahamberstonc@google.co.uk,82-9094868Dasi McGeoch,924940,970606653,dmcgeochd@youku.com,67-4928972Suellen Haslehurst,364725,970790597,shaslehurste@google.com,46-6118359Purcell Rickson,699282,970484356,pricksonf@blinklist.com,07-2052169Courtenay Jelfs,891535,970968718,cjelfsg@gov.uk,19-2319018Joyann Fawthorpe,134652,970371821,jfawthorpeh@nba.com,16-9618701Tiertza Addenbrooke,743523,970555524,taddenbrookei@phoca.cz,05-6921947Flss Grinsdale,255365,970320675,fgrinsdalej@apache.org,84-4799585Che Earle,541317,970432923,cearlek@hubpages.com,52-2802495Isak Adamec,435055,970355590,iadamecl@canalblog.com,00-6769186Ardisj Dayment,647064,970826660,adaymentm@google.ca,22-9949745Maximilian Ditch,311614,970467016,mditchn@networkadvertising.org,00-8421714Anatole Cornels,729297,970781373,acornelso@meetup.com,31-1150142Gaspard Storck,111819,970593729,gstorckp@zimbio.com,36-9080875Padraic Rhydderch,947520,970394807,prhydderchq@unicef.org,66-3725223Ulrich Antowski,299173,970789879,uantowskir@time.com,03-1176622Solomon De Ruggiero,820068,970483049,sdes@jigsy.com,51-1365546Alleyn MacAlees,266583,970988248,amacaleest@sciencedaily.com,27-4371687Aurora Scardifield,997402,970196875,ascardifieldu@washingtonpost.com,88-6046769Jeanie Savaage,520017,970742743,jsavaagev@comcast.net,50-6771274Cecilia Epgrave,831881,970972531,cepgravew@un.org,79-8442984Pauly Moine,689892,970429075,pmoinex@soundcloud.com,14-6288624Timofei Bumby,668249,970545400,tbumbyy@last.fm,83-7057232Violetta O'Doherty,568041,970395473,vodohertyz@wsj.com,25-7362226Brucie Decent,822897,970750801,bdecent10@unesco.org,26-8225664Twyla Cosgry,253157,970228428,tcosgry11@1und1.de,97-4336680Shanon Heggison,924940,970637762,sheggison12@godaddy.com,18-4579804Bertie Joannidi,364725,970498476,bjoannidi13@kickstarter.com,61-2555750Berton West,699282,970853319,bwest14@wikia.com,34-3774567Lorelle Gorringe,891535,970807482,lgorringe15@dailymail.co.uk,95-3373390Datha Fleming,134652,970539450,dfleming16@uiuc.edu,70-5255704Lauraine Clarey,743523,970439527,lclarey17@japanpost.jp,54-3397746Weston MacDonogh,255365,970762832,wmacdonogh18@reverbnation.com,62-5888037Audrie Collar,541317,970356659,acollar19@storify.com,59-3091417Shaine Walshe,435055,970219726,swalshe1a@smh.com.au,27-9818520Iormina Simonutti,647064,970238672,isimonutti1b@istockphoto.com,04-6567116Haslett Babonau,311614,970280697,hbabonau1c@abc.net.au,32-7892824Andee Woolveridge,729297,970933096,awoolveridge1d@hostgator.com,71-5436005