Tname,CRcode,Temail,Tpswrd
Tyrus Wibberley,111819,twibberley0@qq.com,20-2426366
Ulrick Denmead,947520,udenmead1@linkedin.com,55-7959150
Fidelity Morbey,299173,fmorbey2@weibo.com,88-0312390
Chrissie Adamik,820068,cadamik3@yale.edu,08-0091745
Muire Traher,266583,mtraher4@oracle.com,62-6498715
Waldemar Eldridge,997402,weldridge5@spotify.com,49-6536650
Sebastien Volett,520017,svolett6@alibaba.com,65-4618496
Lorne Woof,831881,lwoof7@instagram.com,17-5262658
Fransisco Haig,689892,fhaig8@dailymail.co.uk,23-8491211
Thorvald Abdy,668249,tabdy9@barnesandnoble.com,54-0432887
Annmarie Joron,568041,ajorona@github.com,95-2481011
Morrie Kubach,822897,mkubachb@amazon.de,76-9111601
Cameron Brisker,253157,cbriskerc@shutterfly.com,09-0178753
Mikkel Francke,924940,mfrancked@mail.ru,30-8329082
Isidor Lafay,364725,ilafaye@pinterest.com,55-3791824
Jorgan Goodlip,699282,jgoodlipf@mapquest.com,06-4927710
Norris Martel,891535,nmartelg@ning.com,37-8514516
Marguerite Silvermann,134652,msilvermannh@studiopress.com,59-5637134
Judye Coulling,743523,jcoullingi@bizjournals.com,85-3530392
Doro Korneichik,255365,dkorneichikj@boston.com,05-7335153
Alard Pischel,541317,apischelk@uiuc.edu,23-4553267
Jeff Jakes,435055,jjakesl@twitter.com,01-2025234
Maryl Bram,647064,mbramm@discovery.com,59-0697351
Nettle Gerault,311614,ngeraultn@ucoz.ru,65-5497522
Merralee Southey,729297,msoutheyo@unc.edu,21-7064013
